,key,value
0,20 Gauge Dressing Occlusive,15
1,20 Gauge placed in outside facility,15
2,Admission Weight (Kg),1
3,Alarms On,13
4,Ambulatory aid,8
5,Anion gap,2
6,Any fear in relationships,2
7,BUN,2
8,Back Care,5
9,Baseline pain level,2
10,Bed Bath,1
11,Braden Activity,10
12,Braden Friction/Shear,10
13,Braden Mobility,10
14,Braden Moisture,10
15,Braden Nutrition,10
16,Braden Sensory Perception,10
17,Brain Natiuretic Peptide (BNP),1
18,CK (CPK),2
19,CK-MB,2
20,Calcium non-ionized,2
21,Chloride (serum),2
22,Creatinine,2
23,Currently experiencing pain,2
24,Dialysis patient,2
25,Difficulty swallowing,2
26,Discharge needs,2
27,ETOH,2
28,Emotional / physical / sexual harm by partner or close relation,2
29,Eye Care,1
30,GCS - Eye Opening,14
31,GCS - Motor Response,14
32,GCS - Verbal Response,14
33,Gait/Transferring,8
34,Gender,1
35,Glucose (serum),2
36,Glucose finger stick,6
37,HCO3 (serum),2
38,Heart Rate,62
39,Heart Rate Alarm - Low,9
40,Heart rate Alarm - High,9
41,Hematocrit (serum),3
42,Hemoglobin,2
43,History of falling (within 3 mnths),8
44,History of slips / falls,2
45,INR,1
46,IV/Saline lock,8
47,Inspired O2 Fraction,3
48,Intravenous  / IV access prior to admission,2
49,Is the spokesperson the Health Care Proxy,2
50,Lactic Acid,1
51,Language,7
52,Magnesium,2
53,Marital Status,7
54,Mental status,8
55,No wallet / money,2
56,Non Invasive Blood Pressure diastolic,52
57,Non Invasive Blood Pressure mean,52
58,Non Invasive Blood Pressure systolic,52
59,Non-Invasive Blood Pressure Alarm - High,9
60,Non-Invasive Blood Pressure Alarm - Low,9
61,O2 Flow,6
62,O2 Flow (additional cannula),1
63,O2 Saturation Pulseoxymetry Alarm - High,9
64,O2 Saturation Pulseoxymetry Alarm - Low,9
65,O2 saturation pulseoxymetry,66
66,PH (Venous),1
67,PH (dipstick),1
68,PTT,1
69,Pain Level,14
70,Pain Level Response,1
71,Parameters Checked,13
72,Phosphorous,2
73,Platelet Count,2
74,Post menopausal,2
75,Potassium (serum),2
76,Prothrombin time,1
77,Recreational drug use,2
78,Religion,7
79,Resp Alarm - High,9
80,Resp Alarm - Low,9
81,Respiratory Rate,62
82,Riker-SAS Scale,24
83,Secondary diagnosis,8
84,Self ADL,2
85,Sexuality / reproductive problems,2
86,Skin Care,3
87,Smoking Cessation Info Offered through BIDMC Inpatient Guide,4
88,Social work consult,2
89,Sodium (serum),2
90,SpO2 Desat Limit,7
91,Special diet,2
92,Specific Gravity (urine),1
93,TCO2 (calc) Venous,1
94,Temperature Fahrenheit,13
95,Troponin-T,2
96,Unintentional weight loss >10 lbs.,2
97,Venous CO2 Pressure,1
98,Venous O2 Pressure,1
99,Visual / hearing deficit,2
100,WBC,2
